コード,銘柄名
1301,極洋
1332,ニッスイ
1333,マルハニチロ
1375,雪国まいたけ
1377,サカタのタネ
1379,ホクト
1414,ショーボンドホールディングス
1417,ミライト・ワン
1419,タマホーム
1514,住石ホールディングス
1605,ＩＮＰＥＸ
1662,石油資源開発
1719,安藤・間
1720,東急建設
1721,コムシスホールディングス
1762,高松コンストラクショングループ
1786,オリエンタル白石
1801,大成建設
1802,大林組
1803,清水建設
1805,飛島建設
1808,長谷工コーポレーション
1812,鹿島建設
1820,西松建設
1821,三井住友建設
1824,前田建設工業
1833,奥村組
1860,戸田建設
1861,熊谷組
1878,大東建託
1881,ＮＩＰＰＯ
1883,前田道路
1890,東洋建設
1893,五洋建設
1911,住友林業
1925,大和ハウス工業
1928,積水ハウス
1941,中電工
1942,関電工
1944,きんでん
1951,エクシオグループ
1959,九電工
1963,日揮ホールディングス
1969,高砂熱学工業
1973,ＮＥＣネッツエスアイ
1979,魁半導体
1980,ダイダン
2001,ニップン
2002,日清製粉グループ本社
2121,ミクシィ
2127,日本Ｍ＆Ａセンターホールディングス
2175,エス・エム・エス
2181,パーソルホールディングス
2201,森永製菓
2206,江崎グリコ
2212,山崎製パン
2222,寿スピリッツ
2229,カルビー
2264,森永乳業
2267,ヤクルト本社
2269,明治ホールディングス
2270,雪印メグミルク
2282,日本ハム
2317,システナ
2327,日鉄ソリューションズ
2331,綜合警備保障
2371,カカクコム
2412,ベネフィット・ワン
2413,エムスリー
2427,アウトソーシング
2432,ディー・エヌ・エー
2433,博報堂ＤＹホールディングス
2492,インフォマート
2501,サッポロホールディングス
2502,アサヒグループホールディングス
2503,キリンホールディングス
2531,宝ホールディングス
2587,サントリー食品インターナショナル
2593,伊藤園
2602,日清オイリオグループ
2607,不二製油グループ本社
2651,ローソン
2670,エービーシー・マート
2678,アスクル
2681,ゲオホールディングス
2702,日本マクドナルドホールディングス
2768,双日
2784,アルフレッサ　ホールディングス
2801,キッコーマン
2802,味の素
2809,キユーピー
2810,ハウス食品グループ本社
2811,カゴメ
2871,ニチレイ
2875,東洋水産
2897,日清食品ホールディングス
2914,日本たばこ産業

